branch,maven_release,class,WMC,DIT,NOC,CBO,RFC,LCOM,Ca,NPM
v2.8,2.8.0-M1,module-info,0,1,0,0,0,0,0,0
v3.0,3.0-SNAPSHOT,module-info,0,1,0,0,0,0,0,0
v2.0,2.0.1,org.apache.log4j.Appender,0,1,0,0,0,0,2,0
v2.8,2.8.0-M1,org.apache.log4j.Appender,0,1,0,0,0,0,2,0
v3.0,3.0-SNAPSHOT,org.apache.log4j.Appender,0,1,0,0,0,0,2,0
v2.0,2.0.1,org.apache.log4j.Category,52,1,1,10,75,662,1,45
v2.8,2.8.0-M1,org.apache.log4j.Category,52,1,1,11,75,662,1,45
v3.0,3.0-SNAPSHOT,org.apache.log4j.Category,51,1,1,7,52,1275,1,45
v2.0,2.0.1,org.apache.log4j.Category$1,1,1,0,1,3,0,1,0
v2.8,2.8.0-M1,org.apache.log4j.Category$1,1,1,0,1,3,0,1,0
v2.0,2.0.1,org.apache.log4j.Level,9,0,0,1,19,10,2,4
v2.8,2.8.0-M1,org.apache.log4j.Level,9,0,0,1,19,10,2,4
v3.0,3.0-SNAPSHOT,org.apache.log4j.Level,9,0,0,1,19,10,2,4
v2.0,2.0.1,org.apache.log4j.LogManager,13,1,0,2,27,54,2,9
v2.8,2.8.0-M1,org.apache.log4j.LogManager,13,1,0,2,27,54,2,9
v3.0,3.0-SNAPSHOT,org.apache.log4j.LogManager,13,1,0,2,27,54,0,9
v2.0,2.0.1,org.apache.log4j.Logger,10,0,0,5,19,33,3,7
v2.8,2.8.0-M1,org.apache.log4j.Logger,10,0,0,6,19,33,3,7
v3.0,3.0-SNAPSHOT,org.apache.log4j.Logger,9,0,0,2,10,36,3,7
v2.0,2.0.1,org.apache.log4j.MDC,6,1,0,1,13,15,0,5
v2.8,2.8.0-M1,org.apache.log4j.MDC,6,1,0,1,13,15,0,5
v3.0,3.0-SNAPSHOT,org.apache.log4j.MDC,6,1,0,0,8,15,0,5
v2.0,2.0.1,org.apache.log4j.NDC,10,1,0,2,15,45,0,9
v2.8,2.8.0-M1,org.apache.log4j.NDC,10,1,0,2,15,45,0,9
v3.0,3.0-SNAPSHOT,org.apache.log4j.NDC,10,1,0,0,12,45,0,9
v2.0,2.0.1,org.apache.log4j.Priority,14,1,1,1,19,41,2,11
v2.8,2.8.0-M1,org.apache.log4j.Priority,14,1,1,1,19,41,2,11
v3.0,3.0-SNAPSHOT,org.apache.log4j.Priority,14,1,1,1,19,41,2,11
v2.8,2.8.0-M1,org.apache.log4j.package-info,0,1,0,0,0,0,0,0
v3.0,3.0-SNAPSHOT,org.apache.log4j.package-info,0,1,0,0,0,0,0,0
v2.0,2.0.1,org.apache.log4j.spi.AppenderAttachable,7,1,0,1,7,21,0,7
v2.8,2.8.0-M1,org.apache.log4j.spi.AppenderAttachable,7,1,0,1,7,21,0,7
v3.0,3.0-SNAPSHOT,org.apache.log4j.spi.AppenderAttachable,7,1,0,1,7,21,0,7
v2.0,2.0.1,org.apache.log4j.spi.LoggerFactory,1,1,0,1,1,0,2,1
v2.8,2.8.0-M1,org.apache.log4j.spi.LoggerFactory,1,1,0,1,1,0,2,1
v3.0,3.0-SNAPSHOT,org.apache.log4j.spi.LoggerFactory,1,1,0,1,1,0,2,1
v2.0,2.0.1,org.apache.log4j.spi.LoggingEvent,1,1,0,0,2,0,1,1
v2.8,2.8.0-M1,org.apache.log4j.spi.LoggingEvent,1,1,0,0,2,0,1,1
v3.0,3.0-SNAPSHOT,org.apache.log4j.spi.LoggingEvent,1,1,0,0,2,0,1,1
v2.8,2.8.0-M1,org.apache.log4j.spi.package-info,0,1,0,0,0,0,0,0
v3.0,3.0-SNAPSHOT,org.apache.log4j.spi.package-info,0,1,0,0,0,0,0,0
v1.0,1.0,org.pmw.tinylog.Configuration,21,1,0,10,67,164,18,8
v1.0,1.0,org.pmw.tinylog.ConfigurationObserver,20,2,2,9,82,168,3,4
v1.0,1.0,org.pmw.tinylog.ConfigurationObserver$1,2,0,0,2,4,0,2,0
v1.0,1.0,org.pmw.tinylog.ConfigurationObserver$2,2,0,0,3,5,0,1,0
v1.0,1.0,org.pmw.tinylog.Configurator,34,1,0,11,97,337,6,29
v1.0,1.0,org.pmw.tinylog.Configurator$WritingThreadData,4,1,0,1,8,0,2,0
v1.0,1.0,org.pmw.tinylog.EnvironmentHelper,4,1,0,0,10,4,5,2
v1.0,1.0,org.pmw.tinylog.InternalLogger,12,1,0,1,23,60,10,10
v1.0,1.0,org.pmw.tinylog.Level,4,2,0,1,7,4,11,2
v2.0,2.0.1,org.pmw.tinylog.Level,4,2,0,1,7,4,1,2
v2.8,2.8.0-M1,org.pmw.tinylog.Level,4,2,0,1,7,4,1,2
v3.0,3.0-SNAPSHOT,org.pmw.tinylog.Level,4,2,0,0,7,4,1,2
v1.0,1.0,org.pmw.tinylog.LogEntry,13,1,0,1,14,56,24,12
v1.0,1.0,org.pmw.tinylog.LogEntryForwarder,7,1,0,2,10,21,0,6
v1.0,1.0,org.pmw.tinylog.Logger,39,1,0,14,95,0,2,30
v2.0,2.0.1,org.pmw.tinylog.Logger,57,1,0,6,67,0,0,53
v2.8,2.8.0-M1,org.pmw.tinylog.Logger,57,1,0,9,69,0,0,53
v3.0,3.0-SNAPSHOT,org.pmw.tinylog.Logger,56,1,0,5,57,1540,0,53
v1.0,1.0,org.pmw.tinylog.Logger$1,1,1,0,1,3,0,1,0
v2.0,2.0.1,org.pmw.tinylog.Logger$1,1,1,0,1,3,0,1,0
v2.8,2.8.0-M1,org.pmw.tinylog.Logger$1,1,1,0,1,3,0,1,0
v2.0,2.0.1,org.pmw.tinylog.LoggingContext,6,1,0,1,12,15,0,5
v2.8,2.8.0-M1,org.pmw.tinylog.LoggingContext,6,1,0,1,12,15,0,5
v3.0,3.0-SNAPSHOT,org.pmw.tinylog.LoggingContext,6,1,0,0,8,15,0,5
v1.0,1.0,org.pmw.tinylog.MessageFormatter,2,1,0,0,9,1,2,0
v1.0,1.0,org.pmw.tinylog.PropertiesLoader,21,1,0,10,116,210,2,0
v1.0,1.0,org.pmw.tinylog.StackTraceInformation,4,2,0,1,7,4,2,2
v2.0,2.0.1,org.pmw.tinylog.Supplier,1,1,0,0,1,0,1,1
v2.8,2.8.0-M1,org.pmw.tinylog.Supplier,1,1,0,0,1,0,1,1
v3.0,3.0-SNAPSHOT,org.pmw.tinylog.Supplier,1,1,0,0,1,0,1,1
v1.0,1.0,org.pmw.tinylog.Token,2,1,0,1,2,1,17,2
v1.0,1.0,org.pmw.tinylog.Tokenizer,9,1,0,18,49,30,1,0
v1.0,1.0,org.pmw.tinylog.Tokenizer$1,0,1,0,0,0,0,12,0
v1.0,1.0,org.pmw.tinylog.Tokenizer$BundlerToken,4,1,0,3,12,0,1,2
v1.0,1.0,org.pmw.tinylog.Tokenizer$ClassNameToken,3,1,0,3,9,3,1,3
v1.0,1.0,org.pmw.tinylog.Tokenizer$ClassToken,3,1,0,3,7,3,1,3
v1.0,1.0,org.pmw.tinylog.Tokenizer$DateToken,5,1,0,4,10,8,1,2
v1.0,1.0,org.pmw.tinylog.Tokenizer$FileToken,4,1,0,4,8,6,1,2
v1.0,1.0,org.pmw.tinylog.Tokenizer$LevelToken,4,1,0,5,8,6,1,2
v1.0,1.0,org.pmw.tinylog.Tokenizer$LineToken,4,1,0,4,8,6,1,2
v1.0,1.0,org.pmw.tinylog.Tokenizer$MessageToken,7,1,0,5,22,17,1,2
v1.0,1.0,org.pmw.tinylog.Tokenizer$MethodToken,4,1,0,4,8,6,1,2
v1.0,1.0,org.pmw.tinylog.Tokenizer$MinSizeToken,4,1,0,3,10,0,1,2
v1.0,1.0,org.pmw.tinylog.Tokenizer$PackageToken,4,1,0,4,10,6,1,2
v1.0,1.0,org.pmw.tinylog.Tokenizer$PlainTextToken,4,1,0,3,7,4,1,2
v1.0,1.0,org.pmw.tinylog.Tokenizer$ThreadIdToken,3,1,0,3,8,3,1,3
v1.0,1.0,org.pmw.tinylog.Tokenizer$ThreadNameToken,4,1,0,4,9,6,1,2
v1.0,1.0,org.pmw.tinylog.WriterDefinition,7,1,0,2,8,0,2,0
v1.0,1.0,org.pmw.tinylog.WritingThread,9,2,0,4,38,20,5,5
v1.0,1.0,org.pmw.tinylog.WritingThread$WritingTask,3,1,0,2,4,0,1,1
v1.0,1.0,org.pmw.tinylog.labelers.CountLabeler,5,1,0,2,22,8,1,4
v1.0,1.0,org.pmw.tinylog.labelers.Labeler,3,1,0,1,3,3,5,3
v1.0,1.0,org.pmw.tinylog.labelers.LogFileComparator,5,1,0,0,7,8,2,3
v1.0,1.0,org.pmw.tinylog.labelers.LogFileFilter,2,1,0,0,6,0,2,2
v1.0,1.0,org.pmw.tinylog.labelers.ProcessIdLabeler,5,1,0,6,29,2,0,5
v1.0,1.0,org.pmw.tinylog.labelers.PropertiesSupport,1,1,0,0,1,0,1,1
v1.0,1.0,org.pmw.tinylog.labelers.TimestampLabeler,6,1,0,5,31,7,0,5
v2.8,2.8.0-M1,org.pmw.tinylog.package-info,0,1,0,0,0,0,0,0
v3.0,3.0-SNAPSHOT,org.pmw.tinylog.package-info,0,1,0,0,0,0,0,0
v1.0,1.0,org.pmw.tinylog.policies.AbstractTimeBasedPolicy,6,1,5,2,13,5,5,5
v1.0,1.0,org.pmw.tinylog.policies.CountPolicy,7,1,0,2,24,0,0,5
v1.0,1.0,org.pmw.tinylog.policies.DailyPolicy,6,0,0,1,15,15,0,2
v1.0,1.0,org.pmw.tinylog.policies.HourlyPolicy,2,0,0,1,6,1,0,1
v1.0,1.0,org.pmw.tinylog.policies.MonthlyPolicy,2,0,0,1,6,1,0,1
v1.0,1.0,org.pmw.tinylog.policies.Policy,4,1,0,1,4,6,6,4
v1.0,1.0,org.pmw.tinylog.policies.PropertiesSupport,1,1,0,0,1,0,1,1
v1.0,1.0,org.pmw.tinylog.policies.SizePolicy,6,1,0,2,20,0,0,5
v1.0,1.0,org.pmw.tinylog.policies.StartupPolicy,5,1,0,2,7,10,1,5
v1.0,1.0,org.pmw.tinylog.policies.WeeklyPolicy,8,0,0,1,19,26,0,2
v1.0,1.0,org.pmw.tinylog.policies.YearlyPolicy,6,0,0,1,16,13,0,3
v1.0,1.0,org.pmw.tinylog.writers.ConsoleWriter,7,1,0,5,12,21,1,6
v1.0,1.0,org.pmw.tinylog.writers.FileWriter,9,1,0,5,20,0,0,9
v1.0,1.0,org.pmw.tinylog.writers.JdbcWriter,32,1,0,10,109,430,0,20
v1.0,1.0,org.pmw.tinylog.writers.JdbcWriter$1,1,1,0,1,3,0,1,0
v1.0,1.0,org.pmw.tinylog.writers.JdbcWriter$Value,5,2,0,2,8,6,2,2
v1.0,1.0,org.pmw.tinylog.writers.LogEntryValue,4,2,0,1,7,4,20,2
v1.0,1.0,org.pmw.tinylog.writers.PropertiesSupport,2,1,0,1,2,1,1,2
v1.0,1.0,org.pmw.tinylog.writers.Property,3,1,0,0,3,3,2,3
v1.0,1.0,org.pmw.tinylog.writers.RollingFileWriter,20,1,0,9,49,122,0,18
v1.0,1.0,org.pmw.tinylog.writers.SharedFileWriter,7,1,0,5,23,5,0,7
v1.0,1.0,org.pmw.tinylog.writers.VMShutdownHook,6,2,0,3,15,0,5,2
v1.0,1.0,org.pmw.tinylog.writers.VMShutdownHook$1,0,1,0,0,0,0,2,0
v1.0,1.0,org.pmw.tinylog.writers.VMShutdownHook$ShutdownThread,3,2,0,4,12,3,1,1
v1.0,1.0,org.pmw.tinylog.writers.Writer,5,1,0,2,5,10,15,5
v2.0,2.0.1,org.slf4j.impl.StaticLoggerBinder,5,1,0,3,9,2,0,3
v2.8,2.8.0-M1,org.slf4j.impl.StaticLoggerBinder,5,1,0,3,9,2,0,3
v3.0,3.0-SNAPSHOT,org.slf4j.impl.StaticLoggerBinder,5,1,0,3,9,2,0,3
v2.0,2.0.1,org.slf4j.impl.StaticMDCBinder,4,1,0,2,8,0,0,2
v2.8,2.8.0-M1,org.slf4j.impl.StaticMDCBinder,4,1,0,2,8,0,0,2
v3.0,3.0-SNAPSHOT,org.slf4j.impl.StaticMDCBinder,4,1,0,2,8,0,0,2
v2.0,2.0.1,org.slf4j.impl.StaticMarkerBinder,4,1,0,3,8,0,0,2
v2.8,2.8.0-M1,org.slf4j.impl.StaticMarkerBinder,4,1,0,3,8,0,0,2
v3.0,3.0-SNAPSHOT,org.slf4j.impl.StaticMarkerBinder,4,1,0,3,8,0,0,2
v2.8,2.8.0-M1,org.slf4j.impl.package-info,0,1,0,0,0,0,0,0
v3.0,3.0-SNAPSHOT,org.slf4j.impl.package-info,0,1,0,0,0,0,0,0
v2.0,2.0.1,org.tinylog.Level,4,2,0,1,7,4,45,2
v2.8,2.8.0-M1,org.tinylog.Level,4,2,0,1,7,4,61,2
v3.0,3.0-SNAPSHOT,org.tinylog.Level,4,2,0,0,7,4,42,2
v2.0,2.0.1,org.tinylog.Logger,54,1,0,5,65,0,1,51
v2.8,2.8.0-M1,org.tinylog.Logger,56,1,0,8,75,0,0,52
v3.0,3.0-SNAPSHOT,org.tinylog.Logger,56,1,0,8,75,0,0,52
v2.0,2.0.1,org.tinylog.Supplier,1,1,0,0,1,0,8,1
v2.8,2.8.0-M1,org.tinylog.Supplier,1,1,0,0,1,0,8,1
v3.0,3.0-SNAPSHOT,org.tinylog.Supplier,1,1,0,0,1,0,4,1
v2.0,2.0.1,org.tinylog.TaggedLogger,53,1,0,4,59,0,2,50
v2.8,2.8.0-M1,org.tinylog.TaggedLogger,56,1,0,7,73,0,1,50
v3.0,3.0-SNAPSHOT,org.tinylog.TaggedLogger,56,1,0,7,73,0,1,50
v2.0,2.0.1,org.tinylog.ThreadContext,7,1,0,3,15,0,4,5
v2.8,2.8.0-M1,org.tinylog.ThreadContext,7,1,0,3,15,0,4,5
v3.0,3.0-SNAPSHOT,org.tinylog.ThreadContext,7,1,0,3,15,0,1,5
v2.0,2.0.1,org.tinylog.adapter.jboss.JBossContextProvider,6,1,0,2,25,15,1,6
v2.8,2.8.0-M1,org.tinylog.adapter.jboss.JBossContextProvider,6,1,0,2,25,15,1,6
v3.0,3.0-SNAPSHOT,org.tinylog.adapter.jboss.JBossContextProvider,6,1,0,0,7,15,0,6
v2.0,2.0.1,org.tinylog.adapter.jboss.JBossLoggingProvider,9,1,0,9,21,28,0,8
v2.8,2.8.0-M1,org.tinylog.adapter.jboss.JBossLoggingProvider,11,1,0,9,21,53,0,9
v3.0,3.0-SNAPSHOT,org.tinylog.adapter.jboss.JBossLoggingProvider,11,1,0,4,12,55,0,9
v2.0,2.0.1,org.tinylog.adapter.jboss.JBossLoggingProvider$1,1,1,0,1,3,0,1,0
v2.8,2.8.0-M1,org.tinylog.adapter.jboss.JBossLoggingProvider$1,1,1,0,1,3,0,1,0
v2.8,2.8.0-M1,org.tinylog.adapter.jboss.package-info,0,1,0,0,0,0,0,0
v3.0,3.0-SNAPSHOT,org.tinylog.adapter.jboss.package-info,0,1,0,0,0,0,0,0
v2.0,2.0.1,org.tinylog.adapter.jul.JavaUtilLoggingProvider,9,1,0,7,24,28,0,8
v2.8,2.8.0-M1,org.tinylog.adapter.jul.JavaUtilLoggingProvider,11,1,0,7,25,53,0,9
v3.0,3.0-SNAPSHOT,org.tinylog.adapter.jul.JavaUtilLoggingProvider,11,1,0,3,12,55,0,9
v2.0,2.0.1,org.tinylog.adapter.jul.JavaUtilLoggingProvider$1,1,1,0,1,3,0,1,0
v2.8,2.8.0-M1,org.tinylog.adapter.jul.JavaUtilLoggingProvider$1,1,1,0,1,3,0,1,0
v2.8,2.8.0-M1,org.tinylog.adapter.jul.package-info,0,1,0,0,0,0,0,0
v3.0,3.0-SNAPSHOT,org.tinylog.adapter.jul.package-info,0,1,0,0,0,0,0,0
v3.0,3.0-SNAPSHOT,org.tinylog.assertions.Assertions,2,1,0,1,4,1,0,1
v3.0,3.0-SNAPSHOT,org.tinylog.assertions.MethodAssert,3,0,0,4,11,1,1,2
v3.0,3.0-SNAPSHOT,org.tinylog.assertions.package-info,0,1,0,0,0,0,0,0
v3.0,3.0-SNAPSHOT,org.tinylog.benchmarks.Application,3,1,0,0,4,3,0,1
v3.0,3.0-SNAPSHOT,org.tinylog.benchmarks.Framework,7,1,0,1,12,15,0,3
v3.0,3.0-SNAPSHOT,org.tinylog.benchmarks.JdkFlightRecorderProfiler,8,1,0,2,9,28,0,8
v3.0,3.0-SNAPSHOT,org.tinylog.benchmarks.api.DateAndTimeBenchmark,6,1,0,0,14,15,0,5
v3.0,3.0-SNAPSHOT,org.tinylog.benchmarks.api.StackTraceBenchmark,8,1,0,0,10,28,0,8
v3.0,3.0-SNAPSHOT,org.tinylog.benchmarks.api.StackTraceBenchmark$ClassContextSecurityManager,2,2,0,0,4,1,0,0
v3.0,3.0-SNAPSHOT,org.tinylog.benchmarks.api.StackTraceBenchmark$StackFrameExtractor,3,1,0,0,7,1,0,2
v3.0,3.0-SNAPSHOT,org.tinylog.benchmarks.api.WritingBenchmark,10,1,0,1,13,45,0,9
v3.0,3.0-SNAPSHOT,org.tinylog.benchmarks.api.WritingBenchmark$Configuration,3,1,0,0,4,3,1,3
v3.0,3.0-SNAPSHOT,org.tinylog.benchmarks.api.package-info,0,1,0,0,0,0,0,0
v3.0,3.0-SNAPSHOT,org.tinylog.benchmarks.logging.AbstractBenchmark,3,1,6,1,4,3,6,3
v3.0,3.0-SNAPSHOT,org.tinylog.benchmarks.logging.AbstractLifeCycle,9,1,6,1,10,36,13,4
v3.0,3.0-SNAPSHOT,org.tinylog.benchmarks.logging.LocationInfo,4,2,0,0,7,4,2,2
v3.0,3.0-SNAPSHOT,org.tinylog.benchmarks.logging.jul_____.Jul_____Benchmark,5,0,0,3,7,10,0,5
v3.0,3.0-SNAPSHOT,org.tinylog.benchmarks.logging.jul_____.LifeCycle,4,0,0,1,5,6,1,2
v3.0,3.0-SNAPSHOT,org.tinylog.benchmarks.logging.jul_____.SimpleFormatter,3,2,0,1,26,0,0,2
v3.0,3.0-SNAPSHOT,org.tinylog.benchmarks.logging.jul_____.package-info,0,1,0,0,0,0,0,0
v3.0,3.0-SNAPSHOT,org.tinylog.benchmarks.logging.log4j1__.LifeCycle,5,0,0,3,6,10,1,2
v3.0,3.0-SNAPSHOT,org.tinylog.benchmarks.logging.log4j1__.Log4j1__Benchmark,5,0,0,3,7,10,0,5
v3.0,3.0-SNAPSHOT,org.tinylog.benchmarks.logging.log4j1__.package-info,0,1,0,0,0,0,0,0
v3.0,3.0-SNAPSHOT,org.tinylog.benchmarks.logging.log4j2__.LifeCycle,4,0,0,2,5,6,1,2
v3.0,3.0-SNAPSHOT,org.tinylog.benchmarks.logging.log4j2__.Log4j2__Benchmark,5,0,0,3,7,10,0,5
v3.0,3.0-SNAPSHOT,org.tinylog.benchmarks.logging.log4j2__.package-info,0,1,0,0,0,0,0,0
v3.0,3.0-SNAPSHOT,org.tinylog.benchmarks.logging.logback_.LifeCycle,6,0,0,4,7,15,1,2
v3.0,3.0-SNAPSHOT,org.tinylog.benchmarks.logging.logback_.Logback_Benchmark,5,0,0,3,7,10,0,5
v3.0,3.0-SNAPSHOT,org.tinylog.benchmarks.logging.logback_.package-info,0,1,0,0,0,0,0,0
v3.0,3.0-SNAPSHOT,org.tinylog.benchmarks.logging.noop.NoOpBenchmark,2,1,0,0,4,1,0,2
v3.0,3.0-SNAPSHOT,org.tinylog.benchmarks.logging.noop.package-info,0,1,0,0,0,0,0,0
v3.0,3.0-SNAPSHOT,org.tinylog.benchmarks.logging.package-info,0,1,0,0,0,0,0,0
v3.0,3.0-SNAPSHOT,org.tinylog.benchmarks.logging.tinylog1.LifeCycle,3,0,0,2,4,3,1,1
v3.0,3.0-SNAPSHOT,org.tinylog.benchmarks.logging.tinylog1.Tinylog1Benchmark,5,0,0,3,7,10,0,5
v3.0,3.0-SNAPSHOT,org.tinylog.benchmarks.logging.tinylog1.package-info,0,1,0,0,0,0,0,0
v3.0,3.0-SNAPSHOT,org.tinylog.benchmarks.logging.tinylog2.LifeCycle,3,0,0,1,4,3,1,1
v3.0,3.0-SNAPSHOT,org.tinylog.benchmarks.logging.tinylog2.Tinylog2Benchmark,5,0,0,3,7,10,0,5
v3.0,3.0-SNAPSHOT,org.tinylog.benchmarks.logging.tinylog2.package-info,0,1,0,0,0,0,0,0
v3.0,3.0-SNAPSHOT,org.tinylog.benchmarks.package-info,0,1,0,0,0,0,0,0
v2.0,2.0.1,org.tinylog.configuration.Configuration,10,1,0,5,61,13,2,5
v2.8,2.8.0-M1,org.tinylog.configuration.Configuration,15,1,0,9,77,63,13,11
v3.0,3.0-SNAPSHOT,org.tinylog.configuration.Configuration,15,1,0,10,79,63,7,11
v2.8,2.8.0-M1,org.tinylog.configuration.ConfigurationLoader,1,1,0,0,1,0,2,1
v3.0,3.0-SNAPSHOT,org.tinylog.configuration.ConfigurationLoader,1,1,0,0,1,0,2,1
v2.0,2.0.1,org.tinylog.configuration.EnvironmentVariableResolver,5,1,0,1,7,10,1,3
v2.8,2.8.0-M1,org.tinylog.configuration.EnvironmentVariableResolver,5,1,0,1,7,10,1,3
v3.0,3.0-SNAPSHOT,org.tinylog.configuration.EnvironmentVariableResolver,5,1,0,1,7,10,1,3
v2.8,2.8.0-M1,org.tinylog.configuration.InitialContextWrapper,2,1,0,2,9,1,1,0
v3.0,3.0-SNAPSHOT,org.tinylog.configuration.InitialContextWrapper,2,1,0,3,7,1,1,0
v2.8,2.8.0-M1,org.tinylog.configuration.JndiValueResolver,5,1,0,2,11,10,1,3
v3.0,3.0-SNAPSHOT,org.tinylog.configuration.JndiValueResolver,5,1,0,3,9,10,1,3
v2.8,2.8.0-M1,org.tinylog.configuration.PropertiesConfigurationLoader,6,1,0,4,26,11,0,2
v3.0,3.0-SNAPSHOT,org.tinylog.configuration.PropertiesConfigurationLoader,6,1,0,5,24,11,0,2
v2.0,2.0.1,org.tinylog.configuration.Resolver,3,1,0,0,3,3,3,3
v2.8,2.8.0-M1,org.tinylog.configuration.Resolver,3,1,0,0,3,3,4,3
v3.0,3.0-SNAPSHOT,org.tinylog.configuration.Resolver,3,1,0,0,3,3,4,3
v2.0,2.0.1,org.tinylog.configuration.ServiceLoader,7,1,0,2,54,7,3,3
v2.8,2.8.0-M1,org.tinylog.configuration.ServiceLoader,9,1,0,3,60,22,5,5
v3.0,3.0-SNAPSHOT,org.tinylog.configuration.ServiceLoader,9,1,0,4,61,22,4,5
v2.0,2.0.1,org.tinylog.configuration.SystemPropertyResolver,5,1,0,1,7,10,1,3
v2.8,2.8.0-M1,org.tinylog.configuration.SystemPropertyResolver,5,1,0,1,7,10,1,3
v3.0,3.0-SNAPSHOT,org.tinylog.configuration.SystemPropertyResolver,5,1,0,1,7,10,1,3
v2.8,2.8.0-M1,org.tinylog.configuration.package-info,0,1,0,0,0,0,0,0
v3.0,3.0-SNAPSHOT,org.tinylog.configuration.package-info,0,1,0,0,0,0,0,0
v2.8,2.8.0-M1,org.tinylog.converters.FileConverter,5,1,0,0,5,10,3,5
v3.0,3.0-SNAPSHOT,org.tinylog.converters.FileConverter,5,1,0,0,5,10,3,5
v2.8,2.8.0-M1,org.tinylog.converters.GzipEncoder,2,1,0,2,21,0,1,1
v3.0,3.0-SNAPSHOT,org.tinylog.converters.GzipEncoder,2,1,0,3,19,0,1,1
v2.8,2.8.0-M1,org.tinylog.converters.GzipFileConverter,7,1,0,3,21,11,0,6
v3.0,3.0-SNAPSHOT,org.tinylog.converters.GzipFileConverter,7,1,0,4,18,11,0,6
v2.8,2.8.0-M1,org.tinylog.converters.NamedDaemonThreadFactory,2,1,0,0,7,0,1,1
v3.0,3.0-SNAPSHOT,org.tinylog.converters.NamedDaemonThreadFactory,2,1,0,0,7,0,1,1
v2.8,2.8.0-M1,org.tinylog.converters.NopFileConverter,6,1,0,1,7,15,1,6
v3.0,3.0-SNAPSHOT,org.tinylog.converters.NopFileConverter,6,1,0,1,7,15,0,6
v2.8,2.8.0-M1,org.tinylog.converters.package-info,0,1,0,0,0,0,0,0
v3.0,3.0-SNAPSHOT,org.tinylog.converters.package-info,0,1,0,0,0,0,0,0
v2.0,2.0.1,org.tinylog.core.ConfigurationParser,10,1,0,6,57,45,3,7
v2.8,2.8.0-M1,org.tinylog.core.ConfigurationParser,7,1,0,3,36,21,3,6
v3.0,3.0-SNAPSHOT,org.tinylog.core.ConfigurationParser,7,1,0,4,34,21,3,6
v2.0,2.0.1,org.tinylog.core.LogEntry,12,1,0,2,13,44,33,12
v2.8,2.8.0-M1,org.tinylog.core.LogEntry,12,1,0,2,13,44,43,12
v3.0,3.0-SNAPSHOT,org.tinylog.core.LogEntry,12,1,0,2,13,44,43,12
v2.0,2.0.1,org.tinylog.core.LogEntryValue,4,2,0,1,7,4,19,2
v2.8,2.8.0-M1,org.tinylog.core.LogEntryValue,4,2,0,1,7,4,22,2
v3.0,3.0-SNAPSHOT,org.tinylog.core.LogEntryValue,4,2,0,0,7,4,21,2
v2.0,2.0.1,org.tinylog.core.TinylogContextProvider,6,1,0,3,18,0,1,6
v2.8,2.8.0-M1,org.tinylog.core.TinylogContextProvider,6,1,0,3,18,0,1,6
v3.0,3.0-SNAPSHOT,org.tinylog.core.TinylogContextProvider,6,1,0,2,18,0,1,6
v2.0,2.0.1,org.tinylog.core.TinylogContextProvider$1,0,1,0,0,0,0,2,0
v2.8,2.8.0-M1,org.tinylog.core.TinylogContextProvider$1,0,1,0,0,0,0,2,0
v2.0,2.0.1,org.tinylog.core.TinylogContextProvider$InheritableEmptyMapThreadLocal,4,3,0,1,5,6,1,0
v2.8,2.8.0-M1,org.tinylog.core.TinylogContextProvider$InheritableEmptyMapThreadLocal,4,3,0,1,5,6,1,0
v3.0,3.0-SNAPSHOT,org.tinylog.core.TinylogContextProvider$InheritableEmptyMapThreadLocal,4,3,0,0,5,6,1,0
v2.8,2.8.0-M1,org.tinylog.core.TinylogLoggingConfiguration,9,1,0,13,67,36,1,8
v3.0,3.0-SNAPSHOT,org.tinylog.core.TinylogLoggingConfiguration,9,1,0,13,67,36,1,8
v2.0,2.0.1,org.tinylog.core.TinylogLoggingProvider,17,1,0,15,83,70,1,8
v2.8,2.8.0-M1,org.tinylog.core.TinylogLoggingProvider,17,1,0,14,69,22,1,12
v3.0,3.0-SNAPSHOT,org.tinylog.core.TinylogLoggingProvider,17,1,0,15,67,22,1,12
v2.0,2.0.1,org.tinylog.core.TinylogLoggingProvider$1,2,2,0,3,5,0,1,1
v2.8,2.8.0-M1,org.tinylog.core.TinylogLoggingProvider$1,2,2,0,3,5,0,1,1
v3.0,3.0-SNAPSHOT,org.tinylog.core.TinylogLoggingProvider$1,2,2,0,3,5,0,1,1
v2.0,2.0.1,org.tinylog.core.WritingThread,8,2,0,5,39,14,1,1
v2.8,2.8.0-M1,org.tinylog.core.WritingThread,8,2,0,5,39,14,2,3
v3.0,3.0-SNAPSHOT,org.tinylog.core.WritingThread,8,2,0,6,37,14,2,3
v2.0,2.0.1,org.tinylog.core.WritingThread$Task,5,1,0,2,6,4,1,0
v2.8,2.8.0-M1,org.tinylog.core.WritingThread$Task,5,1,0,2,6,4,1,0
v3.0,3.0-SNAPSHOT,org.tinylog.core.WritingThread$Task,5,1,0,2,6,4,1,0
v2.8,2.8.0-M1,org.tinylog.core.package-info,0,1,0,0,0,0,0,0
v3.0,3.0-SNAPSHOT,org.tinylog.core.package-info,0,1,0,0,0,0,0,0
v2.8,2.8.0-M1,org.tinylog.format.AbstractMessageFormatter,3,1,4,2,5,3,4,0
v3.0,3.0-SNAPSHOT,org.tinylog.format.AbstractMessageFormatter,3,1,4,2,5,3,4,0
v2.8,2.8.0-M1,org.tinylog.format.AdvancedMessageFormatter,5,0,0,4,32,6,5,2
v3.0,3.0-SNAPSHOT,org.tinylog.format.AdvancedMessageFormatter,5,0,0,5,32,6,2,2
v2.8,2.8.0-M1,org.tinylog.format.EndlessIterator,3,1,0,0,4,1,1,2
v3.0,3.0-SNAPSHOT,org.tinylog.format.EndlessIterator,3,1,0,0,4,1,1,2
v2.8,2.8.0-M1,org.tinylog.format.JavaTextMessageFormatFormatter,2,0,0,3,10,0,3,2
v3.0,3.0-SNAPSHOT,org.tinylog.format.JavaTextMessageFormatFormatter,2,0,0,4,8,0,0,2
v2.8,2.8.0-M1,org.tinylog.format.LegacyMessageFormatter,2,0,0,1,10,1,1,2
v3.0,3.0-SNAPSHOT,org.tinylog.format.LegacyMessageFormatter,2,0,0,1,10,1,1,2
v2.8,2.8.0-M1,org.tinylog.format.MessageFormatter,1,1,0,0,1,0,21,1
v3.0,3.0-SNAPSHOT,org.tinylog.format.MessageFormatter,1,1,0,0,1,0,10,1
v2.8,2.8.0-M1,org.tinylog.format.PrintfStyleFormatter,2,0,0,3,9,0,1,2
v3.0,3.0-SNAPSHOT,org.tinylog.format.PrintfStyleFormatter,2,0,0,4,7,0,0,2
v2.8,2.8.0-M1,org.tinylog.format.package-info,0,1,0,0,0,0,0,0
v3.0,3.0-SNAPSHOT,org.tinylog.format.package-info,0,1,0,0,0,0,0,0
v2.0,2.0.1,org.tinylog.jboss.TinylogLogger,196,0,0,6,214,0,1,191
v2.8,2.8.0-M1,org.tinylog.jboss.TinylogLogger,196,0,0,10,214,0,1,191
v3.0,3.0-SNAPSHOT,org.tinylog.jboss.TinylogLogger,195,1,0,4,196,18915,0,191
v2.0,2.0.1,org.tinylog.jboss.TinylogLogger$1,1,1,0,1,3,0,1,0
v2.8,2.8.0-M1,org.tinylog.jboss.TinylogLogger$1,1,1,0,1,3,0,1,0
v2.0,2.0.1,org.tinylog.jboss.TinylogLoggerProvider,14,1,0,4,24,89,0,14
v2.8,2.8.0-M1,org.tinylog.jboss.TinylogLoggerProvider,14,1,0,4,24,89,0,14
v3.0,3.0-SNAPSHOT,org.tinylog.jboss.TinylogLoggerProvider,14,1,0,1,15,91,0,14
v2.8,2.8.0-M1,org.tinylog.jboss.package-info,0,1,0,0,0,0,0,0
v3.0,3.0-SNAPSHOT,org.tinylog.jboss.package-info,0,1,0,0,0,0,0,0
v2.0,2.0.1,org.tinylog.jcl.TinylogLog,21,1,0,4,27,0,1,18
v2.8,2.8.0-M1,org.tinylog.jcl.TinylogLog,21,1,0,5,27,0,1,18
v3.0,3.0-SNAPSHOT,org.tinylog.jcl.TinylogLog,20,1,0,2,21,190,1,18
v2.0,2.0.1,org.tinylog.jcl.TinylogLogFactory,8,0,0,3,16,2,0,8
v2.8,2.8.0-M1,org.tinylog.jcl.TinylogLogFactory,8,0,0,3,16,2,0,8
v3.0,3.0-SNAPSHOT,org.tinylog.jcl.TinylogLogFactory,8,1,0,2,9,28,0,8
v2.8,2.8.0-M1,org.tinylog.jcl.package-info,0,1,0,0,0,0,0,0
v3.0,3.0-SNAPSHOT,org.tinylog.jcl.package-info,0,1,0,0,0,0,0,0
v2.8,2.8.0-M1,org.tinylog.jsl.TinylogLogger,14,1,0,8,25,0,0,11
v3.0,3.0-SNAPSHOT,org.tinylog.jsl.TinylogLogger,13,1,0,3,14,78,0,11
v2.8,2.8.0-M1,org.tinylog.jsl.TinylogLogger$1,1,1,0,0,3,0,1,0
v2.8,2.8.0-M1,org.tinylog.jsl.TinylogLoggerFinder,2,2,0,1,6,0,0,2
v3.0,3.0-SNAPSHOT,org.tinylog.jsl.TinylogLoggerFinder,2,2,0,1,6,0,0,2
v2.8,2.8.0-M1,org.tinylog.jsl.package-info,0,1,0,0,0,0,0,0
v3.0,3.0-SNAPSHOT,org.tinylog.jsl.package-info,0,1,0,0,0,0,0,0
v2.0,2.0.1,org.tinylog.jul.BridgeHandler,8,2,0,4,30,22,1,3
v2.8,2.8.0-M1,org.tinylog.jul.BridgeHandler,8,2,0,7,31,22,1,3
v3.0,3.0-SNAPSHOT,org.tinylog.jul.BridgeHandler,7,2,0,3,8,21,1,3
v2.0,2.0.1,org.tinylog.jul.BridgeHandler$1,1,1,0,1,3,0,1,0
v2.8,2.8.0-M1,org.tinylog.jul.BridgeHandler$1,1,1,0,1,3,0,1,0
v2.0,2.0.1,org.tinylog.jul.JulTinylogBridge,2,1,0,1,5,1,0,1
v2.8,2.8.0-M1,org.tinylog.jul.JulTinylogBridge,2,1,0,1,5,1,0,1
v3.0,3.0-SNAPSHOT,org.tinylog.jul.JulTinylogBridge,2,1,0,1,5,1,0,1
v2.8,2.8.0-M1,org.tinylog.jul.package-info,0,1,0,0,0,0,0,0
v3.0,3.0-SNAPSHOT,org.tinylog.jul.package-info,0,1,0,0,0,0,0,0
v2.0,2.0.1,org.tinylog.kotlin.Logger,59,1,0,8,74,0,0,56
v2.8,2.8.0-M1,org.tinylog.kotlin.Logger,60,1,0,14,83,0,0,57
v2.8,2.8.0-M1,org.tinylog.kotlin.Logger$tags$1,4,1,0,2,7,6,1,2
v2.0,2.0.1,org.tinylog.kotlin.SupplierUtilsKt,2,1,0,5,8,1,2,2
v2.8,2.8.0-M1,org.tinylog.kotlin.SupplierUtilsKt,2,1,0,4,8,1,2,2
v2.0,2.0.1,org.tinylog.kotlin.SupplierUtilsKt$asSupplier$1,2,1,0,2,4,0,1,1
v2.8,2.8.0-M1,org.tinylog.kotlin.SupplierUtilsKt$asSupplier$1,2,1,0,2,4,0,1,1
v2.0,2.0.1,org.tinylog.kotlin.TaggedLogger,57,1,0,7,67,0,1,56
v2.8,2.8.0-M1,org.tinylog.kotlin.TaggedLogger,59,1,0,11,80,0,2,56
v2.8,2.8.0-M1,org.tinylog.package-info,0,1,0,0,0,0,0,0
v3.0,3.0-SNAPSHOT,org.tinylog.package-info,0,1,0,0,0,0,0,0
v2.0,2.0.1,org.tinylog.path.CountSegment,6,1,0,2,22,13,1,3
v2.8,2.8.0-M1,org.tinylog.path.CountSegment,6,1,0,2,22,15,1,3
v3.0,3.0-SNAPSHOT,org.tinylog.path.CountSegment,6,1,0,2,22,15,1,3
v2.0,2.0.1,org.tinylog.path.DateSegment,5,1,0,5,10,2,1,3
v2.8,2.8.0-M1,org.tinylog.path.DateSegment,5,1,0,5,10,2,1,3
v3.0,3.0-SNAPSHOT,org.tinylog.path.DateSegment,5,1,0,5,10,2,1,3
v2.0,2.0.1,org.tinylog.path.DynamicPath,7,1,0,8,48,11,1,4
v2.8,2.8.0-M1,org.tinylog.path.DynamicPath,7,1,0,10,55,11,1,4
v3.0,3.0-SNAPSHOT,org.tinylog.path.DynamicPath,7,1,0,11,57,11,1,4
v2.8,2.8.0-M1,org.tinylog.path.DynamicSegment,7,1,0,3,10,0,1,5
v3.0,3.0-SNAPSHOT,org.tinylog.path.DynamicSegment,7,1,0,3,10,0,1,5
v2.8,2.8.0-M1,org.tinylog.path.FileTuple,5,1,0,2,16,0,3,5
v3.0,3.0-SNAPSHOT,org.tinylog.path.FileTuple,5,1,0,3,14,0,2,5
v2.0,2.0.1,org.tinylog.path.LastModifiedFileComparator,4,1,0,0,6,6,1,2
v2.8,2.8.0-M1,org.tinylog.path.LastModifiedFileTupleComparator,4,1,0,1,6,6,1,2
v3.0,3.0-SNAPSHOT,org.tinylog.path.LastModifiedFileTupleComparator,4,1,0,1,6,6,1,2
v2.0,2.0.1,org.tinylog.path.PlainTextSegment,4,1,0,2,6,0,1,3
v2.8,2.8.0-M1,org.tinylog.path.PlainTextSegment,4,1,0,2,6,0,1,3
v3.0,3.0-SNAPSHOT,org.tinylog.path.PlainTextSegment,4,1,0,2,6,0,1,3
v2.0,2.0.1,org.tinylog.path.ProcessIdSegment,4,1,0,3,8,0,1,3
v2.8,2.8.0-M1,org.tinylog.path.ProcessIdSegment,4,1,0,3,8,0,1,3
v3.0,3.0-SNAPSHOT,org.tinylog.path.ProcessIdSegment,4,1,0,3,8,0,1,3
v2.0,2.0.1,org.tinylog.path.Segment,3,1,0,1,3,3,5,3
v2.8,2.8.0-M1,org.tinylog.path.Segment,3,1,0,1,3,3,6,3
v3.0,3.0-SNAPSHOT,org.tinylog.path.Segment,3,1,0,1,3,3,6,3
v2.8,2.8.0-M1,org.tinylog.path.package-info,0,1,0,0,0,0,0,0
v3.0,3.0-SNAPSHOT,org.tinylog.path.package-info,0,1,0,0,0,0,0,0
v2.0,2.0.1,org.tinylog.pattern.BundleToken,4,1,0,2,15,0,1,3
v2.8,2.8.0-M1,org.tinylog.pattern.BundleToken,4,1,0,2,13,0,1,3
v3.0,3.0-SNAPSHOT,org.tinylog.pattern.BundleToken,4,1,0,2,13,0,1,3
v2.0,2.0.1,org.tinylog.pattern.DateToken,6,1,0,7,16,0,1,3
v2.8,2.8.0-M1,org.tinylog.pattern.DateToken,6,1,0,7,16,0,1,3
v3.0,3.0-SNAPSHOT,org.tinylog.pattern.DateToken,6,1,0,7,16,0,1,3
v2.0,2.0.1,org.tinylog.pattern.ExceptionToken,6,1,0,3,20,13,2,3
v2.8,2.8.0-M1,org.tinylog.pattern.ExceptionToken,7,1,0,6,30,17,2,3
v3.0,3.0-SNAPSHOT,org.tinylog.pattern.ExceptionToken,7,1,0,6,30,17,2,3
v2.0,2.0.1,org.tinylog.pattern.FileNameToken,4,1,0,3,9,6,1,3
v2.8,2.8.0-M1,org.tinylog.pattern.FileNameToken,4,1,0,3,9,6,1,3
v3.0,3.0-SNAPSHOT,org.tinylog.pattern.FileNameToken,4,1,0,3,9,6,1,3
v2.0,2.0.1,org.tinylog.pattern.FormatPatternParser,9,1,0,24,55,34,3,1
v2.8,2.8.0-M1,org.tinylog.pattern.FormatPatternParser,9,1,0,29,64,32,4,2
v3.0,3.0-SNAPSHOT,org.tinylog.pattern.FormatPatternParser,9,1,0,30,63,32,3,2
v2.0,2.0.1,org.tinylog.pattern.FullClassNameToken,4,1,0,3,9,6,1,3
v2.8,2.8.0-M1,org.tinylog.pattern.FullClassNameToken,4,1,0,3,9,6,1,3
v3.0,3.0-SNAPSHOT,org.tinylog.pattern.FullClassNameToken,4,1,0,3,9,6,1,3
v2.0,2.0.1,org.tinylog.pattern.IndentationToken,5,1,0,2,20,2,1,3
v2.8,2.8.0-M1,org.tinylog.pattern.IndentationToken,5,1,0,2,20,2,1,3
v3.0,3.0-SNAPSHOT,org.tinylog.pattern.IndentationToken,5,1,0,2,20,2,1,3
v2.0,2.0.1,org.tinylog.pattern.LineNumberToken,4,1,0,3,11,6,1,3
v2.8,2.8.0-M1,org.tinylog.pattern.LineNumberToken,4,1,0,3,11,6,1,3
v3.0,3.0-SNAPSHOT,org.tinylog.pattern.LineNumberToken,4,1,0,3,11,6,1,3
v2.0,2.0.1,org.tinylog.pattern.LoggerTagToken,5,1,0,3,10,0,1,3
v2.8,2.8.0-M1,org.tinylog.pattern.LoggerTagToken,5,1,0,3,11,0,1,3
v3.0,3.0-SNAPSHOT,org.tinylog.pattern.LoggerTagToken,5,1,0,3,11,0,1,3
v2.8,2.8.0-M1,org.tinylog.pattern.MaximumSizeToken,4,1,0,2,12,0,1,3
v3.0,3.0-SNAPSHOT,org.tinylog.pattern.MaximumSizeToken,4,1,0,2,12,0,1,3
v2.0,2.0.1,org.tinylog.pattern.MessageAndExceptionToken,4,1,0,5,16,4,1,3
v2.8,2.8.0-M1,org.tinylog.pattern.MessageAndExceptionToken,4,1,0,5,16,4,1,3
v3.0,3.0-SNAPSHOT,org.tinylog.pattern.MessageAndExceptionToken,4,1,0,5,16,4,1,3
v2.0,2.0.1,org.tinylog.pattern.MessageToken,5,1,0,3,14,8,2,3
v2.8,2.8.0-M1,org.tinylog.pattern.MessageToken,5,1,0,3,16,8,2,3
v3.0,3.0-SNAPSHOT,org.tinylog.pattern.MessageToken,5,1,0,3,16,8,2,3
v2.0,2.0.1,org.tinylog.pattern.MethodNameToken,4,1,0,3,9,6,1,3
v2.8,2.8.0-M1,org.tinylog.pattern.MethodNameToken,4,1,0,3,9,6,1,3
v3.0,3.0-SNAPSHOT,org.tinylog.pattern.MethodNameToken,4,1,0,3,9,6,1,3
v2.0,2.0.1,org.tinylog.pattern.MinimumSizeToken,4,1,0,2,12,0,1,3
v2.8,2.8.0-M1,org.tinylog.pattern.MinimumSizeToken,4,1,0,2,12,0,1,3
v3.0,3.0-SNAPSHOT,org.tinylog.pattern.MinimumSizeToken,4,1,0,2,12,0,1,3
v2.0,2.0.1,org.tinylog.pattern.PackageNameToken,5,1,0,3,12,10,1,3
v2.8,2.8.0-M1,org.tinylog.pattern.PackageNameToken,5,1,0,3,12,10,1,3
v3.0,3.0-SNAPSHOT,org.tinylog.pattern.PackageNameToken,5,1,0,3,12,10,1,3
v2.0,2.0.1,org.tinylog.pattern.PlainTextToken,5,1,0,2,13,2,1,3
v2.8,2.8.0-M1,org.tinylog.pattern.PlainTextToken,5,1,0,2,13,2,1,3
v3.0,3.0-SNAPSHOT,org.tinylog.pattern.PlainTextToken,5,1,0,2,13,2,1,3
v2.0,2.0.1,org.tinylog.pattern.ProcessIdToken,4,1,0,3,10,2,1,3
v2.8,2.8.0-M1,org.tinylog.pattern.ProcessIdToken,4,1,0,3,10,2,1,3
v3.0,3.0-SNAPSHOT,org.tinylog.pattern.ProcessIdToken,4,1,0,3,10,2,1,3
v2.8,2.8.0-M1,org.tinylog.pattern.SeverityLevelIntegerToken,6,1,0,4,12,13,1,3
v3.0,3.0-SNAPSHOT,org.tinylog.pattern.SeverityLevelIntegerToken,6,1,0,4,12,13,1,3
v2.0,2.0.1,org.tinylog.pattern.SeverityLevelToken,4,1,0,4,10,6,1,3
v2.8,2.8.0-M1,org.tinylog.pattern.SeverityLevelToken,4,1,0,4,10,6,1,3
v3.0,3.0-SNAPSHOT,org.tinylog.pattern.SeverityLevelToken,4,1,0,4,10,6,1,3
v2.0,2.0.1,org.tinylog.pattern.SimpleClassNameToken,5,1,0,3,12,10,1,3
v2.8,2.8.0-M1,org.tinylog.pattern.SimpleClassNameToken,5,1,0,3,12,10,1,3
v3.0,3.0-SNAPSHOT,org.tinylog.pattern.SimpleClassNameToken,5,1,0,3,12,10,1,3
v2.8,2.8.0-M1,org.tinylog.pattern.SizeToken,4,1,0,2,13,0,1,3
v3.0,3.0-SNAPSHOT,org.tinylog.pattern.SizeToken,4,1,0,2,13,0,1,3
v2.0,2.0.1,org.tinylog.pattern.ThreadContextToken,5,1,0,3,11,0,1,3
v2.8,2.8.0-M1,org.tinylog.pattern.ThreadContextToken,6,1,0,3,23,0,1,3
v3.0,3.0-SNAPSHOT,org.tinylog.pattern.ThreadContextToken,6,1,0,3,23,0,1,3
v2.0,2.0.1,org.tinylog.pattern.ThreadIdToken,4,1,0,3,10,6,1,3
v2.8,2.8.0-M1,org.tinylog.pattern.ThreadIdToken,4,1,0,3,12,6,1,3
v3.0,3.0-SNAPSHOT,org.tinylog.pattern.ThreadIdToken,4,1,0,3,12,6,1,3
v2.0,2.0.1,org.tinylog.pattern.ThreadNameToken,4,1,0,3,10,6,1,3
v2.8,2.8.0-M1,org.tinylog.pattern.ThreadNameToken,4,1,0,3,10,6,1,3
v3.0,3.0-SNAPSHOT,org.tinylog.pattern.ThreadNameToken,4,1,0,3,10,6,1,3
v2.0,2.0.1,org.tinylog.pattern.TimestampToken,6,1,0,4,14,9,1,3
v2.8,2.8.0-M1,org.tinylog.pattern.TimestampToken,6,1,0,4,14,9,1,3
v3.0,3.0-SNAPSHOT,org.tinylog.pattern.TimestampToken,6,1,0,4,14,9,1,3
v2.0,2.0.1,org.tinylog.pattern.Token,3,1,0,1,3,3,25,3
v2.8,2.8.0-M1,org.tinylog.pattern.Token,3,1,0,1,3,3,30,3
v3.0,3.0-SNAPSHOT,org.tinylog.pattern.Token,3,1,0,1,3,3,30,3
v2.8,2.8.0-M1,org.tinylog.pattern.UptimeToken,8,1,0,8,38,18,1,3
v3.0,3.0-SNAPSHOT,org.tinylog.pattern.UptimeToken,8,1,0,8,38,18,1,3
v2.8,2.8.0-M1,org.tinylog.pattern.UptimeToken$Segment,1,1,0,0,1,0,3,1
v3.0,3.0-SNAPSHOT,org.tinylog.pattern.UptimeToken$Segment,1,1,0,0,1,0,3,1
v2.8,2.8.0-M1,org.tinylog.pattern.UptimeToken$StringSegment,2,1,0,1,4,0,1,1
v3.0,3.0-SNAPSHOT,org.tinylog.pattern.UptimeToken$StringSegment,2,1,0,1,4,0,1,1
v2.8,2.8.0-M1,org.tinylog.pattern.UptimeToken$TimeSegment,4,1,0,1,9,0,1,1
v3.0,3.0-SNAPSHOT,org.tinylog.pattern.UptimeToken$TimeSegment,4,1,0,1,9,0,1,1
v2.8,2.8.0-M1,org.tinylog.pattern.package-info,0,1,0,0,0,0,0,0
v3.0,3.0-SNAPSHOT,org.tinylog.pattern.package-info,0,1,0,0,0,0,0,0
v2.8,2.8.0-M1,org.tinylog.policies.AbstractDatePolicy,8,1,2,1,29,14,2,3
v3.0,3.0-SNAPSHOT,org.tinylog.policies.AbstractDatePolicy,8,1,2,2,27,14,2,3
v2.0,2.0.1,org.tinylog.policies.DailyPolicy,6,1,0,1,25,1,0,5
v2.8,2.8.0-M1,org.tinylog.policies.DailyPolicy,5,0,0,1,8,10,0,2
v3.0,3.0-SNAPSHOT,org.tinylog.policies.DailyPolicy,5,0,0,1,8,10,0,2
v2.8,2.8.0-M1,org.tinylog.policies.DynamicPolicy,6,1,0,3,8,9,1,6
v3.0,3.0-SNAPSHOT,org.tinylog.policies.DynamicPolicy,6,1,0,3,8,9,1,6
v2.8,2.8.0-M1,org.tinylog.policies.MonthlyPolicy,5,0,0,1,8,10,0,2
v3.0,3.0-SNAPSHOT,org.tinylog.policies.MonthlyPolicy,5,0,0,1,8,10,0,2
v2.0,2.0.1,org.tinylog.policies.Policy,3,1,0,0,3,3,4,3
v2.8,2.8.0-M1,org.tinylog.policies.Policy,3,1,0,0,3,3,5,3
v3.0,3.0-SNAPSHOT,org.tinylog.policies.Policy,3,1,0,0,3,3,4,3
v2.0,2.0.1,org.tinylog.policies.SizePolicy,6,1,0,1,20,5,0,5
v2.8,2.8.0-M1,org.tinylog.policies.SizePolicy,6,1,0,1,20,5,0,5
v3.0,3.0-SNAPSHOT,org.tinylog.policies.SizePolicy,6,1,0,2,18,5,0,5
v2.0,2.0.1,org.tinylog.policies.StartupPolicy,5,1,0,3,7,10,1,5
v2.8,2.8.0-M1,org.tinylog.policies.StartupPolicy,5,1,0,3,7,10,1,5
v3.0,3.0-SNAPSHOT,org.tinylog.policies.StartupPolicy,5,1,0,3,7,10,0,5
v2.8,2.8.0-M1,org.tinylog.policies.package-info,0,1,0,0,0,0,0,0
v3.0,3.0-SNAPSHOT,org.tinylog.policies.package-info,0,1,0,0,0,0,0,0
v2.0,2.0.1,org.tinylog.provider.BundleContextProvider,6,1,0,1,15,0,1,5
v2.8,2.8.0-M1,org.tinylog.provider.BundleContextProvider,6,1,0,1,15,0,1,5
v3.0,3.0-SNAPSHOT,org.tinylog.provider.BundleContextProvider,6,1,0,1,15,0,1,5
v2.0,2.0.1,org.tinylog.provider.BundleLoggingProvider,9,1,0,4,26,0,1,7
v2.8,2.8.0-M1,org.tinylog.provider.BundleLoggingProvider,11,1,0,5,30,0,1,8
v3.0,3.0-SNAPSHOT,org.tinylog.provider.BundleLoggingProvider,11,1,0,5,30,0,1,8
v2.0,2.0.1,org.tinylog.provider.ContextProvider,5,1,0,0,5,10,11,5
v2.8,2.8.0-M1,org.tinylog.provider.ContextProvider,5,1,0,0,5,10,12,5
v3.0,3.0-SNAPSHOT,org.tinylog.provider.ContextProvider,5,1,0,0,5,10,9,5
v2.0,2.0.1,org.tinylog.provider.InternalLogger,4,1,0,1,16,6,20,3
v2.8,2.8.0-M1,org.tinylog.provider.InternalLogger,4,1,0,1,16,6,29,3
v3.0,3.0-SNAPSHOT,org.tinylog.provider.InternalLogger,4,1,0,2,17,6,23,3
v2.0,2.0.1,org.tinylog.provider.LoggingProvider,7,1,0,2,7,21,18,7
v2.8,2.8.0-M1,org.tinylog.provider.LoggingProvider,8,1,0,3,8,28,20,8
v3.0,3.0-SNAPSHOT,org.tinylog.provider.LoggingProvider,8,1,0,3,8,28,9,8
v2.0,2.0.1,org.tinylog.provider.MessageFormatter,4,1,0,3,23,4,3,2
v2.0,2.0.1,org.tinylog.provider.NopContextProvider,6,1,0,1,8,15,2,6
v2.8,2.8.0-M1,org.tinylog.provider.NopContextProvider,6,1,0,1,8,15,2,6
v3.0,3.0-SNAPSHOT,org.tinylog.provider.NopContextProvider,6,1,0,1,8,15,1,6
v2.0,2.0.1,org.tinylog.provider.NopLoggingProvider,9,1,0,4,11,34,1,8
v2.8,2.8.0-M1,org.tinylog.provider.NopLoggingProvider,10,1,0,5,12,43,1,9
v3.0,3.0-SNAPSHOT,org.tinylog.provider.NopLoggingProvider,10,1,0,5,12,43,1,9
v2.0,2.0.1,org.tinylog.provider.ProviderRegistry,4,1,0,8,18,4,11,1
v2.8,2.8.0-M1,org.tinylog.provider.ProviderRegistry,5,1,0,8,29,4,12,2
v3.0,3.0-SNAPSHOT,org.tinylog.provider.ProviderRegistry,5,1,0,9,27,4,4,2
v2.8,2.8.0-M1,org.tinylog.provider.package-info,0,1,0,0,0,0,0,0
v3.0,3.0-SNAPSHOT,org.tinylog.provider.package-info,0,1,0,0,0,0,0,0
v3.0,3.0-SNAPSHOT,org.tinylog.rules.InitialContextRule,2,1,0,4,4,1,0,2
v3.0,3.0-SNAPSHOT,org.tinylog.rules.InitialContextRule$ContextStatement,3,0,0,3,11,1,1,1
v3.0,3.0-SNAPSHOT,org.tinylog.rules.InitialContextRule$SimpleContext,31,1,0,0,45,423,2,29
v3.0,3.0-SNAPSHOT,org.tinylog.rules.InitialContextRule$SimpleInitialContextFactory,4,1,0,1,5,0,1,2
v3.0,3.0-SNAPSHOT,org.tinylog.rules.SystemStreamCollector,7,1,0,6,20,1,1,7
v3.0,3.0-SNAPSHOT,org.tinylog.rules.SystemStreamCollector$1,2,0,0,2,6,0,1,1
v3.0,3.0-SNAPSHOT,org.tinylog.rules.package-info,0,1,0,0,0,0,0,0
v2.0,2.0.1,org.tinylog.runtime.AbstractJavaRuntime,2,1,2,1,3,1,2,1
v2.8,2.8.0-M1,org.tinylog.runtime.AbstractJavaRuntime,2,1,2,1,3,1,2,1
v3.0,3.0-SNAPSHOT,org.tinylog.runtime.AbstractJavaRuntime,2,1,2,1,3,1,2,1
v2.0,2.0.1,org.tinylog.runtime.AndroidRuntime,12,1,0,10,35,58,1,8
v2.8,2.8.0-M1,org.tinylog.runtime.AndroidRuntime,15,1,0,10,34,95,1,10
v3.0,3.0-SNAPSHOT,org.tinylog.runtime.AndroidRuntime,14,1,0,4,15,91,1,10
v2.0,2.0.1,org.tinylog.runtime.AndroidRuntime$1,0,1,0,0,0,0,2,0
v2.8,2.8.0-M1,org.tinylog.runtime.AndroidRuntime$1,0,1,0,0,0,0,2,0
v2.0,2.0.1,org.tinylog.runtime.AndroidRuntime$StackTraceElementsFiller,4,1,0,1,5,2,1,0
v2.8,2.8.0-M1,org.tinylog.runtime.AndroidRuntime$StackTraceElementsFiller,4,1,0,1,5,2,1,0
v3.0,3.0-SNAPSHOT,org.tinylog.runtime.AndroidRuntime$StackTraceElementsFiller,1,1,0,0,2,0,1,0
v2.0,2.0.1,org.tinylog.runtime.LegacyJavaRuntime,10,0,0,8,36,41,1,7
v2.8,2.8.0-M1,org.tinylog.runtime.LegacyJavaRuntime,14,0,0,8,42,85,1,11
v3.0,3.0-SNAPSHOT,org.tinylog.runtime.LegacyJavaRuntime,12,0,0,3,13,66,1,10
v2.0,2.0.1,org.tinylog.runtime.LegacyTimestamp,4,1,0,1,9,0,2,3
v2.8,2.8.0-M1,org.tinylog.runtime.LegacyTimestamp,6,1,0,1,13,0,2,6
v3.0,3.0-SNAPSHOT,org.tinylog.runtime.LegacyTimestamp,6,1,0,1,7,15,0,6
v2.0,2.0.1,org.tinylog.runtime.LegacyTimestampFormatter,5,1,0,2,12,4,2,2
v2.8,2.8.0-M1,org.tinylog.runtime.LegacyTimestampFormatter,5,1,0,2,12,4,2,3
v3.0,3.0-SNAPSHOT,org.tinylog.runtime.LegacyTimestampFormatter,5,1,0,2,12,4,0,3
v2.0,2.0.1,org.tinylog.runtime.ModernJavaRuntime,9,0,0,10,22,34,1,7
v2.8,2.8.0-M1,org.tinylog.runtime.ModernJavaRuntime,12,0,0,11,31,56,1,9
v3.0,3.0-SNAPSHOT,org.tinylog.runtime.ModernJavaRuntime,11,0,0,4,12,55,1,9
v2.0,2.0.1,org.tinylog.runtime.ModernJavaRuntime$1,0,1,0,0,0,0,3,0
v2.8,2.8.0-M1,org.tinylog.runtime.ModernJavaRuntime$1,0,1,0,0,0,0,4,0
v2.8,2.8.0-M1,org.tinylog.runtime.ModernJavaRuntime$ClassContextSecurityManager,3,2,0,1,5,3,1,0
v3.0,3.0-SNAPSHOT,org.tinylog.runtime.ModernJavaRuntime$ClassContextSecurityManager,2,2,0,0,3,1,1,0
v2.0,2.0.1,org.tinylog.runtime.ModernJavaRuntime$DynamicStackFrameExtractor,4,1,0,1,14,4,1,2
v2.8,2.8.0-M1,org.tinylog.runtime.ModernJavaRuntime$DynamicStackFrameExtractor,4,1,0,1,10,4,1,2
v3.0,3.0-SNAPSHOT,org.tinylog.runtime.ModernJavaRuntime$DynamicStackFrameExtractor,2,1,0,0,3,1,0,1
v2.0,2.0.1,org.tinylog.runtime.ModernJavaRuntime$FixedStackFrameExtractor,4,1,0,1,8,4,1,2
v2.8,2.8.0-M1,org.tinylog.runtime.ModernJavaRuntime$FixedStackFrameExtractor,4,1,0,1,8,4,1,2
v3.0,3.0-SNAPSHOT,org.tinylog.runtime.ModernJavaRuntime$FixedStackFrameExtractor,2,1,0,0,3,1,0,1
v2.0,2.0.1,org.tinylog.runtime.PreciseTimestamp,4,1,0,1,8,0,1,3
v2.8,2.8.0-M1,org.tinylog.runtime.PreciseTimestamp,6,1,0,1,14,0,1,6
v3.0,3.0-SNAPSHOT,org.tinylog.runtime.PreciseTimestamp,6,1,0,1,7,15,0,6
v2.0,2.0.1,org.tinylog.runtime.PreciseTimestampFormatter,4,1,0,2,14,0,1,2
v2.8,2.8.0-M1,org.tinylog.runtime.PreciseTimestampFormatter,4,1,0,2,15,0,1,3
v3.0,3.0-SNAPSHOT,org.tinylog.runtime.PreciseTimestampFormatter,4,1,0,2,5,6,0,3
v2.0,2.0.1,org.tinylog.runtime.RuntimeDialect,8,1,0,2,8,28,3,8
v2.8,2.8.0-M1,org.tinylog.runtime.RuntimeDialect,10,1,0,2,10,45,3,10
v3.0,3.0-SNAPSHOT,org.tinylog.runtime.RuntimeDialect,10,1,0,2,10,45,3,10
v2.0,2.0.1,org.tinylog.runtime.RuntimeProvider,14,1,0,6,41,19,11,8
v2.8,2.8.0-M1,org.tinylog.runtime.RuntimeProvider,17,1,0,8,56,26,15,11
v3.0,3.0-SNAPSHOT,org.tinylog.runtime.RuntimeProvider,17,1,0,9,54,26,12,11
v2.0,2.0.1,org.tinylog.runtime.Timestamp,3,1,0,0,3,3,20,3
v2.8,2.8.0-M1,org.tinylog.runtime.Timestamp,4,1,0,0,4,6,22,4
v3.0,3.0-SNAPSHOT,org.tinylog.runtime.Timestamp,5,1,0,0,6,10,22,4
v2.0,2.0.1,org.tinylog.runtime.TimestampFormatter,2,1,0,1,2,1,9,2
v2.8,2.8.0-M1,org.tinylog.runtime.TimestampFormatter,2,1,0,1,2,1,9,2
v3.0,3.0-SNAPSHOT,org.tinylog.runtime.TimestampFormatter,2,1,0,1,2,1,9,2
v2.8,2.8.0-M1,org.tinylog.runtime.package-info,0,1,0,0,0,0,0,0
v3.0,3.0-SNAPSHOT,org.tinylog.runtime.package-info,0,1,0,0,0,0,0,0
v2.0,2.0.1,org.tinylog.scala.Logger,1,1,0,2,2,0,0,1
v2.0,2.0.1,org.tinylog.scala.Logger$,5,1,0,1,11,6,1,2
v2.0,2.0.1,org.tinylog.scala.LoggerMacro,50,1,0,5,100,1225,0,50
v2.0,2.0.1,org.tinylog.scala.LoggerMacro$,73,1,0,39,118,2628,1,71
v2.0,2.0.1,org.tinylog.scala.TaggedLogger,3,1,0,2,5,0,2,2
v2.0,2.0.1,org.tinylog.scala.TaggedLoggerMacro,50,1,0,5,100,1225,0,50
v2.0,2.0.1,org.tinylog.scala.TaggedLoggerMacro$,73,1,0,39,119,2628,1,71
v2.8,2.8.0-M1,org.tinylog.slf4j.AbstractTinylogLogger,69,1,2,7,79,0,2,62
v3.0,3.0-SNAPSHOT,org.tinylog.slf4j.AbstractTinylogLogger,69,1,2,7,79,0,2,62
v2.8,2.8.0-M1,org.tinylog.slf4j.LegacyTinylogLogger,1,0,0,1,2,0,1,1
v3.0,3.0-SNAPSHOT,org.tinylog.slf4j.LegacyTinylogLogger,1,0,0,1,2,0,1,1
v2.8,2.8.0-M1,org.tinylog.slf4j.LegacyTinylogLoggerFactory,3,1,0,3,7,1,1,3
v3.0,3.0-SNAPSHOT,org.tinylog.slf4j.LegacyTinylogLoggerFactory,3,1,0,3,7,1,1,3
v2.8,2.8.0-M1,org.tinylog.slf4j.ModernTinylogLogger,7,0,0,10,25,0,1,7
v3.0,3.0-SNAPSHOT,org.tinylog.slf4j.ModernTinylogLogger,7,0,0,10,25,0,1,7
v2.8,2.8.0-M1,org.tinylog.slf4j.ModernTinylogLoggerFactory,3,1,0,3,7,1,1,3
v3.0,3.0-SNAPSHOT,org.tinylog.slf4j.ModernTinylogLoggerFactory,3,1,0,3,7,1,1,3
v2.0,2.0.1,org.tinylog.slf4j.TinylogLogger,69,1,0,5,78,0,1,63
v2.0,2.0.1,org.tinylog.slf4j.TinylogLoggerFactory,3,1,0,3,7,1,1,3
v2.0,2.0.1,org.tinylog.slf4j.TinylogMdcAdapter,7,1,0,2,20,21,1,7
v2.8,2.8.0-M1,org.tinylog.slf4j.TinylogMdcAdapter,11,1,0,2,25,55,2,11
v3.0,3.0-SNAPSHOT,org.tinylog.slf4j.TinylogMdcAdapter,11,1,0,2,25,55,2,11
v2.8,2.8.0-M1,org.tinylog.slf4j.TinylogSlf4jServiceProvider,6,1,0,7,10,9,0,6
v3.0,3.0-SNAPSHOT,org.tinylog.slf4j.TinylogSlf4jServiceProvider,6,1,0,7,10,9,0,6
v2.8,2.8.0-M1,org.tinylog.slf4j.package-info,0,1,0,0,0,0,0,0
v3.0,3.0-SNAPSHOT,org.tinylog.slf4j.package-info,0,1,0,0,0,0,0,0
v2.8,2.8.0-M1,org.tinylog.throwable.AbstractStackTraceElementsFilter,4,0,2,3,21,6,2,2
v3.0,3.0-SNAPSHOT,org.tinylog.throwable.AbstractStackTraceElementsFilter,4,0,2,3,21,6,2,2
v2.8,2.8.0-M1,org.tinylog.throwable.AbstractThrowableFilter,2,1,3,1,9,0,3,1
v3.0,3.0-SNAPSHOT,org.tinylog.throwable.AbstractThrowableFilter,2,1,3,1,9,0,3,1
v2.8,2.8.0-M1,org.tinylog.throwable.DropCauseThrowableFilter,3,0,0,3,14,3,0,3
v3.0,3.0-SNAPSHOT,org.tinylog.throwable.DropCauseThrowableFilter,3,0,0,3,14,3,0,3
v2.8,2.8.0-M1,org.tinylog.throwable.KeepThrowableFilter,3,0,0,1,8,3,0,2
v3.0,3.0-SNAPSHOT,org.tinylog.throwable.KeepThrowableFilter,3,0,0,1,8,3,0,2
v2.8,2.8.0-M1,org.tinylog.throwable.StripThrowableFilter,3,0,0,1,8,3,0,2
v3.0,3.0-SNAPSHOT,org.tinylog.throwable.StripThrowableFilter,3,0,0,1,8,3,0,2
v2.8,2.8.0-M1,org.tinylog.throwable.ThrowableData,4,1,0,0,4,6,7,4
v3.0,3.0-SNAPSHOT,org.tinylog.throwable.ThrowableData,4,1,0,0,4,6,7,4
v2.8,2.8.0-M1,org.tinylog.throwable.ThrowableFilter,1,1,0,1,1,0,2,1
v3.0,3.0-SNAPSHOT,org.tinylog.throwable.ThrowableFilter,1,1,0,1,1,0,2,1
v2.8,2.8.0-M1,org.tinylog.throwable.ThrowableStore,5,1,0,1,6,2,2,5
v3.0,3.0-SNAPSHOT,org.tinylog.throwable.ThrowableStore,5,1,0,1,6,2,2,5
v2.8,2.8.0-M1,org.tinylog.throwable.ThrowableWrapper,6,1,0,1,12,0,1,6
v3.0,3.0-SNAPSHOT,org.tinylog.throwable.ThrowableWrapper,6,1,0,1,12,0,1,6
v2.8,2.8.0-M1,org.tinylog.throwable.UnpackThrowableFilter,3,0,0,2,12,3,0,3
v3.0,3.0-SNAPSHOT,org.tinylog.throwable.UnpackThrowableFilter,3,0,0,2,12,3,0,3
v2.8,2.8.0-M1,org.tinylog.throwable.package-info,0,1,0,0,0,0,0,0
v3.0,3.0-SNAPSHOT,org.tinylog.throwable.package-info,0,1,0,0,0,0,0,0
v3.0,3.0-SNAPSHOT,org.tinylog.util.FileSystem,13,1,0,3,47,78,0,9
v3.0,3.0-SNAPSHOT,org.tinylog.util.JvmProcessBuilder,4,1,0,1,17,0,0,3
v3.0,3.0-SNAPSHOT,org.tinylog.util.Maps,3,1,0,0,6,3,0,2
v3.0,3.0-SNAPSHOT,org.tinylog.util.ResultObserver,2,1,0,0,7,1,0,1
v3.0,3.0-SNAPSHOT,org.tinylog.util.StorageHandler,5,2,0,0,11,0,0,5
v3.0,3.0-SNAPSHOT,org.tinylog.util.Strings,2,1,0,0,4,1,0,1
v3.0,3.0-SNAPSHOT,org.tinylog.util.package-info,0,1,0,0,0,0,0,0
v2.8,2.8.0-M1,org.tinylog.writers.AbstractFileBasedWriter,6,0,2,9,34,15,2,0
v3.0,3.0-SNAPSHOT,org.tinylog.writers.AbstractFileBasedWriter,6,0,2,10,32,15,2,0
v2.0,2.0.1,org.tinylog.writers.AbstractFormatPatternWriter,7,1,4,11,32,13,4,2
v2.8,2.8.0-M1,org.tinylog.writers.AbstractFormatPatternWriter,4,0,6,4,17,0,6,2
v3.0,3.0-SNAPSHOT,org.tinylog.writers.AbstractFormatPatternWriter,4,0,6,5,17,0,6,2
v2.8,2.8.0-M1,org.tinylog.writers.AbstractWriter,3,1,3,1,7,1,3,3
v3.0,3.0-SNAPSHOT,org.tinylog.writers.AbstractWriter,4,1,3,1,8,4,3,4
v2.0,2.0.1,org.tinylog.writers.ConsoleWriter,6,0,0,5,20,13,0,6
v2.8,2.8.0-M1,org.tinylog.writers.ConsoleWriter,6,0,0,6,23,13,0,6
v3.0,3.0-SNAPSHOT,org.tinylog.writers.ConsoleWriter,6,0,0,7,21,13,0,6
v2.0,2.0.1,org.tinylog.writers.FileWriter,5,0,0,3,17,0,0,5
v2.8,2.8.0-M1,org.tinylog.writers.FileWriter,5,0,0,3,16,0,0,5
v3.0,3.0-SNAPSHOT,org.tinylog.writers.FileWriter,5,0,0,3,16,0,0,5
v2.0,2.0.1,org.tinylog.writers.JdbcWriter,18,1,0,6,69,97,0,6
v2.8,2.8.0-M1,org.tinylog.writers.JdbcWriter,19,0,0,6,75,103,0,6
v3.0,3.0-SNAPSHOT,org.tinylog.writers.JdbcWriter,19,0,0,7,77,103,0,6
v2.8,2.8.0-M1,org.tinylog.writers.JsonWriter,17,0,0,7,71,64,0,6
v3.0,3.0-SNAPSHOT,org.tinylog.writers.JsonWriter,17,0,0,8,72,64,0,6
v2.0,2.0.1,org.tinylog.writers.LogcatWriter,9,1,0,9,31,26,0,6
v2.8,2.8.0-M1,org.tinylog.writers.LogcatWriter,9,0,0,9,33,26,0,6
v3.0,3.0-SNAPSHOT,org.tinylog.writers.LogcatWriter,9,0,0,3,10,36,0,6
v2.0,2.0.1,org.tinylog.writers.LogcatWriter$1,1,1,0,1,3,0,1,0
v2.8,2.8.0-M1,org.tinylog.writers.LogcatWriter$1,1,1,0,1,3,0,1,0
v2.0,2.0.1,org.tinylog.writers.RollingFileWriter,12,0,0,10,61,24,0,5
v2.8,2.8.0-M1,org.tinylog.writers.RollingFileWriter,16,0,0,13,75,66,0,5
v3.0,3.0-SNAPSHOT,org.tinylog.writers.RollingFileWriter,16,0,0,5,17,120,0,5
v2.0,2.0.1,org.tinylog.writers.SharedFileWriter,5,0,0,5,28,0,0,5
v2.8,2.8.0-M1,org.tinylog.writers.SharedFileWriter,5,0,0,5,27,0,0,5
v3.0,3.0-SNAPSHOT,org.tinylog.writers.SharedFileWriter,5,0,0,6,25,0,0,5
v2.8,2.8.0-M1,org.tinylog.writers.SyslogWriter,4,0,0,5,14,0,0,4
v3.0,3.0-SNAPSHOT,org.tinylog.writers.SyslogWriter,4,0,0,5,14,0,0,4
v2.0,2.0.1,org.tinylog.writers.Writer,4,1,0,1,4,6,7,4
v2.8,2.8.0-M1,org.tinylog.writers.Writer,4,1,0,1,4,6,5,4
v3.0,3.0-SNAPSHOT,org.tinylog.writers.Writer,4,1,0,1,4,6,5,4
v2.8,2.8.0-M1,org.tinylog.writers.package-info,0,1,0,0,0,0,0,0
v3.0,3.0-SNAPSHOT,org.tinylog.writers.package-info,0,1,0,0,0,0,0,0
v2.8,2.8.0-M1,org.tinylog.writers.raw.AbstractSocketWriter,5,0,2,5,23,4,3,5
v3.0,3.0-SNAPSHOT,org.tinylog.writers.raw.AbstractSocketWriter,5,0,2,5,23,4,3,5
v2.0,2.0.1,org.tinylog.writers.raw.BufferedWriterDecorator,4,1,0,1,9,0,1,4
v2.8,2.8.0-M1,org.tinylog.writers.raw.BufferedWriterDecorator,7,1,0,1,14,0,1,7
v3.0,3.0-SNAPSHOT,org.tinylog.writers.raw.BufferedWriterDecorator,7,1,0,1,14,0,1,7
v2.0,2.0.1,org.tinylog.writers.raw.ByteArrayWriter,3,1,0,0,3,3,8,3
v2.8,2.8.0-M1,org.tinylog.writers.raw.ByteArrayWriter,6,1,0,0,6,15,10,6
v3.0,3.0-SNAPSHOT,org.tinylog.writers.raw.ByteArrayWriter,6,1,0,0,6,15,10,6
v2.8,2.8.0-M1,org.tinylog.writers.raw.CharsetAdjustmentWriterDecorator,8,1,0,1,15,0,1,7
v3.0,3.0-SNAPSHOT,org.tinylog.writers.raw.CharsetAdjustmentWriterDecorator,8,1,0,1,15,0,1,7
v2.0,2.0.1,org.tinylog.writers.raw.LockedFileOutputStreamWriter,4,1,0,1,12,0,1,4
v2.8,2.8.0-M1,org.tinylog.writers.raw.LockedRandomAccessFileWriter,7,1,0,1,19,1,1,7
v3.0,3.0-SNAPSHOT,org.tinylog.writers.raw.LockedRandomAccessFileWriter,7,1,0,1,19,1,1,7
v2.0,2.0.1,org.tinylog.writers.raw.OutputStreamWriter,4,1,0,1,7,0,1,4
v2.8,2.8.0-M1,org.tinylog.writers.raw.RandomAccessFileWriter,7,1,0,1,16,1,1,7
v3.0,3.0-SNAPSHOT,org.tinylog.writers.raw.RandomAccessFileWriter,7,1,0,1,16,1,1,7
v2.0,2.0.1,org.tinylog.writers.raw.SynchronizedWriterDecorator,4,1,0,1,8,0,1,4
v2.8,2.8.0-M1,org.tinylog.writers.raw.SynchronizedWriterDecorator,7,1,0,1,13,0,1,7
v3.0,3.0-SNAPSHOT,org.tinylog.writers.raw.SynchronizedWriterDecorator,7,1,0,1,13,0,1,7
v2.8,2.8.0-M1,org.tinylog.writers.raw.SyslogFacility,5,2,0,1,8,6,1,3
v3.0,3.0-SNAPSHOT,org.tinylog.writers.raw.SyslogFacility,5,2,0,0,8,6,1,3
v2.8,2.8.0-M1,org.tinylog.writers.raw.SyslogSeverity,6,2,0,3,10,9,1,4
v3.0,3.0-SNAPSHOT,org.tinylog.writers.raw.SyslogSeverity,7,2,0,1,12,15,1,4
v2.8,2.8.0-M1,org.tinylog.writers.raw.SyslogSeverity$1,1,1,0,1,3,0,1,0
v2.8,2.8.0-M1,org.tinylog.writers.raw.TcpSocketWriter,4,0,0,2,13,0,1,4
v3.0,3.0-SNAPSHOT,org.tinylog.writers.raw.TcpSocketWriter,4,0,0,2,13,0,1,4
v2.8,2.8.0-M1,org.tinylog.writers.raw.UdpSocketWriter,4,0,0,2,12,0,1,4
v3.0,3.0-SNAPSHOT,org.tinylog.writers.raw.UdpSocketWriter,4,0,0,2,12,0,1,4
v2.8,2.8.0-M1,org.tinylog.writers.raw.package-info,0,1,0,0,0,0,0,0
v3.0,3.0-SNAPSHOT,org.tinylog.writers.raw.package-info,0,1,0,0,0,0,0,0
